App_ID,App_Icon_URL,App_Image_Name,App_Name
com.google.android.calculator,https://lh3.googleusercontent.com/U3jWNUNqn2XqlNhD2ggy6ELAtt0jRps9MKbfERUWcOBO8uC_BmZUqCKV5eD2uarhg14=w170,,Calculator
com.android2.calculator3,https://lh3.googleusercontent.com/FpQXb3fjRebih0ZMiuXK4NuWARD4zyG-5un8UYDoM0ha7IBOE9iqBtZYbxpV2kKB6w=w170,,Calculator
com.sec.android.app.popupcalculator,https://lh3.googleusercontent.com/7EfP5NJn7fhLRl0vl2t4apevZNaLH7lNf6OdmqJfLs4rZInVkjXytD5SKTsipeXty-g=w170,,Samsung Calculator
com.vpn.basiccalculator,https://lh6.ggpht.com/Hylsy-y_0Z0x1TwsmzKIH89Vv-GYvQSg5sOlJ8JJOW2KEdKntLIpewtj6d3FL0eZbo0=w170,,CITIZEN CALCULATOR
calculator.innovit.com.calculatrice,https://lh3.googleusercontent.com/fPysOfCERB5QpZCLpWxRxp4nG_qxK2sg51cfVxP20BCyWgft5EKblU0_cc5MHHauQcQ=w170,,Calculator
com.digitalchemy.calculator.freedecimal,https://lh3.googleusercontent.com/n6SkcJmup84V9NthT0dy5GpsLPGDH--7c_TkxaMtZG96Ync15TQ4Uz1wFzN2kjbp7LQ=w170,,Calculator Plus Free
com.calculator.vault,https://lh3.googleusercontent.com/7dcI1nRVWYe2BUTAjQCiO4TTiuy-TuyXEet5004eQRi8LHcYgYjz3P6de4HSYNCBCA=w170,,Calculator Vault- Gallery Lock
smart.calculator.gallerylock,https://lh3.googleusercontent.com/Uw9PEWK_wbjphGgBpLkT3nsaNYyHRc9tFwiqlUW1O2tQc4ajMjs_T3dH1g71SRw4UA=w170,,"Photo,Video Locker-Calculator"
net.camijun.CamiCalc,https://lh4.ggpht.com/RyYK2h8CiqCXNuJWReT7Ovm-Nz-umzuoJCNijleQntc0LwR6WbK4FV3CoGTNi5T-LA=w170,,Cami Calculator
com.divinesoftech.calculator,https://lh3.googleusercontent.com/XgIGIVrOOdkm3G5IjtoqxBgi-KESeNmKwwPImg3qz2xUmzhfKhPvyAZ4UDwzKkDIJisq=w170,,CITIZEN & GST CALCULATOR
com.app.calculator.vault.hider,https://lh3.googleusercontent.com/ZAp82luGWBt0nYx1dRKXRgS0JN9fAIXaJqLOFhgd8QgKElMMfLnCm0jyjUfYX_X6UNm9=w170,,Calculator Vault : App Hider - Hide Apps
com.dencreak.dlcalculator,https://lh3.googleusercontent.com/b6KI8myvbAg3y1T3-SsPLp2P1eij0-JIGx9VtUu1OfgXDAqR3JW7TuMVqcce8H3Uq20=w170,,ClevCalc - Calculator
com.mathsolver.calc,https://lh4.ggpht.com/m5Ox9ayxr_f_Lft6esgNNFVvMeYvr7verKI2FJDU950jV0Gp8sU1SU5TVwA2m3N7CWY=w170,,Calculator L
my.android.calc,https://lh3.googleusercontent.com/aa6CMu22U2yzblLwdZkqxW61IpVrMaNuw5clO01Oxc551sgaQJmFKFS3NSgbCPduqGc=w170,,Mobi Calculator free & AD free!
com.voice.calculator.speak.talking.app,https://lh3.googleusercontent.com/roEkw5pOOrKAy3zR4vL4iTBzexMhJsFrnLDTxNYIEWrXBR8r0G6cuOcGXtXbwYR1gQ=w170,,Voice Calculator
com.rkayapps.financeindia,https://lh3.googleusercontent.com/kZBhbllB7J1Onb2zsD67E9NJYTt0mlCq23IjWQ6PyD9Kgr9bdOuI2v5EnY5wzQRKsEU=w170,,Financial Calculator India
calculator.scientific.math,https://lh3.googleusercontent.com/UTv7O4MeZIokE6t9f7fl16ionOxL4ytsDsBBf3iGzPklzpOaD_9vORwbjfQOw4i4dEM=w170,,Calculator Pro â€“ Get Math Answers by Camera
app.kwc.math.totalcalc,https://lh3.googleusercontent.com/BQtEdPkjkjq4Bt_i2G08HV75nc4m9CfGdbsW6NnNZtWL7TlfDNzA-vkzUTKx4Thmww=w170,,Total Calculator
cz.hipercalc,https://lh3.googleusercontent.com/ldF5WMY3txCpVGQmlvyVUokB0Kb37iRtOrPOQFa222mudLrqW-xTGNlHrMI6dAIRvUcP=w170,,HiPER Scientific Calculator
com.prettypet.google.prettycalc,https://lh3.googleusercontent.com/CtjFCC5tF4kNgVFiPD050yG4U6Wh9oNOkuy7A_wsX3ZRwkHp2N3naswyH4fUUxrYymo=w170,,Pretty Calculator
com.fotoable.calculator.plus,https://lh3.googleusercontent.com/OttBiB60TTL2yLLEqvynTwJdgX66ls74DcQVYEL5cvMrlUOOyKdkPx4hNaXR-RM4oJU=w170,,VIP Vault Hide Pictures
com.tricolorcat.calculator,https://lh3.googleusercontent.com/wPMagjuXhi8JYMssMGbUJHNeJuheeFGV6mN_jQRzSn53KSHm-WMRNoVklRD9pSy__2E=w170,,Calculator
eztools.calculator.photo.vault,https://lh3.googleusercontent.com/eHWTm-ybFBNoycuHkHcfXotjTv_96xQ-NDcXqtqV_C72TmN3YTZ9Zzce2ME5DJgh_A=w170,,Calculator - Vault for photo (hidden your photos)
com.candl.athena,https://lh3.googleusercontent.com/veGpCPeXCA_0k1Kf7rOM1dXD_p5j09R1pQ3o9-ALkbAA_ydAIWe07IOaRyJ-q4YALg=w170,,Stylish Calculator Free - CALCUâ„¢
com.mi_ciel.calclc,https://lh3.googleusercontent.com/QAFNG2pWqq9eYepwAZWP98Hj4BpfIAuZJOLwDoD3o-5_EJTgSDlUS_GuED5YEmVRww=w170,,Calclc (Calculator)
com.meonria.scientificcalc,https://lh3.googleusercontent.com/6h8dhmmS_bfb6xNkbN2EvB6ieyDOJlPPNiudNRk_aVry_g-LnsvzmUdBg8xogYXT64U=w170,,Scientific Calculator
com.design.calculator,https://lh3.googleusercontent.com/tjF2wcXly6hGMJ2OPWXj0UMT5RqUPgA0Z70-RMIGawmjXyBPSBKfWiCXfo_clpnhCA=w170,,Calculator Pro
com.sawicki.piotr.calculator.simple.simplecalculator,https://lh3.googleusercontent.com/3G0Gdve4DYpzfjkybs-LZC0BcrdVt9SWNDHIWvv3IISjYghjnBCicjzMNB4dTJxMhcQ=w170,,Simple Calculator
com.merowoo.genericcalculator,https://lh4.ggpht.com/SncZb7LJRjM_gnRCPNl74sot9Y5xrI1ke_8EpPfEddxs7e_b1S-miX6Z6NX5px5OHwc=w170,,Generic Calculator
com.ststudio.smart.calculator,https://lh3.googleusercontent.com/2GC5Kds4o97nEbGgRDcwJ68UZOygxiVpX31pnWZCg0sSxwS4kLwUrozrflYaKKeocbg=w170,,Smart Calculator â€“ Take Photo to Solve Math
com.everydaycalculation.citizencalculator,https://lh3.googleusercontent.com/Lx0aSjYaCML_tq3xIGfHWF_HRvR30KoK_RiSD66RTR8Hs0MzUxFY1sTqSBkeneebFyK9=w170,,Citizen Calculator - Check and Correct
org.whiteglow.quickeycalculator,https://lh3.googleusercontent.com/LsByHiYu7chQKmm8Lr_TVk9l4w-mtDGHXEGW3KeBK1gHTangd_5wfQDhHAoJayC84-8=w170,,Quickey Calculator - Free app
com.visionobjects.calculator,https://lh6.ggpht.com/2u4gJFZiqG4Y8hJgZMKPFY3cTTXiUKhFuhqew8T3CQ_kYATZi_l-2XS4pGXXXAPwgor7=w170,,MyScript Calculator
net.tecnotopia.SimpleCalculator,https://lh6.ggpht.com/Qm_ZkOMS-VG6aPxWUgqxhfxL1vKJ8QRn1JBVlyLECQY90bu8TgtLaBE2ruzl6BvGPQ=w170,,Simple Calculator
all.in.one.calculator,https://lh3.googleusercontent.com/tE2wAochm3PdaAh2B9osX9M8Yd25S-uh6BSUSVUfngT4o55zrKBzPV5rCiBAlHfM74Wx=w170,,All-In-One Calculator Free
de.sfr.calctape,https://lh5.ggpht.com/XTAlqIc8JCGAMMSrJUVtYTCTaC05Wx1KJmZND04YPsc3oDoXbxlmhQf2wB1-RxGVD39R=w170,,CalcTape Calculator with Tape
calc.gallery.lock,https://lh3.googleusercontent.com/TCgwzLWH3ImBV_fcpjBzKWC5HT2028pc364yq4Y_QauQEI_BYgzO1wZwaQbOmI5Cs_xo=w170,,"Calc Vault-Photo,video locker,Safe Browser,Applock"
com.realmax.mathbird.calc,https://lh3.googleusercontent.com/z9aN1LHdCe13wgHLUkLWQ9Svcm9xZq9r79ci1QA95AGgiWpmfPFTVs_q1gTXDUhyYKY=w170,,Calculator
secret.hide.calculator,https://lh3.googleusercontent.com/qJCyL_6rpZzafAIe8k4C5Hww49KYNiVlE_dm_vyHx320u5k1OvGjw9rPnQplyDwOv1Q=w170,,"Private Photo, Video Locker"
com.spectensys.calculatorfree,https://lh3.googleusercontent.com/4ISZloi-5QhyaKWlKHN2B1Jk0IDfTaUkfWCfMMgoqZAyU9WY4eKc2LYwdD2V3AJLnQ=w170,,Calculator
com.GlitterCalculator.SmartCalculatorApp,https://lh3.googleusercontent.com/ck73QGL4BKDehd9iBT6aNGaeId3f1K27zihHvUy2I3fhApTE6ri3w2syPZicXAekFUw=w170,,Glitter Calculator
de.underflow.calc,https://lh3.ggpht.com/RxBo2UsSsqNWyZfH8Avfpu3UIrqSMm8b4pcTp7Rds1ibK2UkTYN-BcwctN8KUx3QwA=w170,,Shake Calc - Calculator
com.msj.easycalcpro,https://lh3.ggpht.com/TDIdqNXB_0V8DO17zNQwHg03GAbkHNU_GDHsuApO5V4b31sisccICszqLVhk4JqtIhQ=w170,,Easy Calculator Pro
com.blogspot.turbocolor.magma_calc,https://lh3.ggpht.com/JEK4Qk2flD-5lh2PrzszvTSsPodwNO4YyqRXhXDK9HKRzsVf5conCqFl9LbpdYOSOmk=w170,,Calculator with Percentage (Free)
com.n225zero.ColorfulCalc,https://lh3.googleusercontent.com/okeBuBlnz_PwDM-00e7TkfBqWR5l9HkCYEY4h9XuyPfnGoaRZzsYN7Jgt1v5W14A2RE=w170,,Colorful calculator
com.pccomputeramreli.Cash_Calculator,https://lh3.googleusercontent.com/AAukifX8uwNazxoZwMu1tBtpPvWdrfEMkJFZT_uxnFQcJSWEMslZsboWaS40_KikZklh=w170,,Cash Calculator & Counter (India)
calc.calculator,https://lh3.googleusercontent.com/mwLg54Ed9RJUhc3Z7p6qCZKwRCd3anXIlI5eTt_HrDgC10u4jCz8u3xHQ54mk_UNFXPZ=w170,,ðŸ“ŸCasio Calculator - Citizen Calculator
com.miui.calculator,https://lh3.googleusercontent.com/16ohLe6izW2wiXawTfhmdNXVpXYvfrFqI1IbYRdXDgaqVT27qjbXmnMD8gPkgFw5wV8=w170,,Mi Calculator
com.calculatorduniya.calsi,https://lh3.googleusercontent.com/hExWM1infEWpONYv0Ut-nZDYUJIl49wfLEFcDQH3sfXqwkWBS9y9pCIBB-Qsogyxrg=w170,,CITIZEN CALCULATOR
com.inturi.net.android.TimberAndLumberCalc,https://lh3.ggpht.com/pvlAGS1FVYo92g34meM2KXMEujoA4fj97vpRHYHbD5ADUWlDRO51fsLB4e_jJuG82Q=w170,,Handyman Calculator
com.drcalculator.android.mortgage,https://lh5.ggpht.com/fnTXvKJUYig2o71BtqQdkRJWAsF_TDIXGqzM51LSrcp1jHNNcuH1sJpx0X5h09o5NC6f=w170,,Karl's Mortgage Calculator
com.everydaycalculation.casiocalculator,https://lh3.googleusercontent.com/CLuZUVGf1ewPZUiZRp8sgInEvv7-lzZaH438eycPIMtxeZW-tNxp2DEHRiR2jrT4uCc=w170,,Calculator App Free - Similar to Casio Calculator
com.PrettyPinkGlitterCalculator.CalculatorWithPercentage,https://lh3.googleusercontent.com/QDHFavMhxQMz2ECDz80oRo_SqesaFA9mgPH9_vrqsU4FoUKoU-gsVSaRG1uRROZiyP4=w170,,Pretty Pink Glitter Calculator
com.jvr.voicecalculator,https://lh3.googleusercontent.com/P9LBjRjIbzFdVlEJLiIwBV5DHlsnslTjOK29OZ4XHxdWd-tVCwUl-8YKYAMbX7638Fs=w170,,Voice Calculator
com.timoswald.calculatorgoogleplay,https://lh3.googleusercontent.com/ZV6aNv1ibEs005kgyqKgKbZxot-p7rEeVvGyVIaDDGfuPw2QIk-u6CLVYQF54eYFBUE=w170,,Calculator
com.mapleti.calculatorconverter,https://lh4.ggpht.com/KE40Z-Xk7MUwAyMgV0smS_hoAP_twd7JSi_2yQWlzgZc4291soYyKN0FrutyIGr5cKk=w170,,Calculator and Converter
com.kkinfosis.myapplication,https://lh3.googleusercontent.com/exU3PiEof-5ROShlRVMEJnC3zkJzAsDvbaoTMQuuN4zQZwWEMSBPD_fwteV0rNkW=w170,,Calculator Vault
com.math.scientific.calculator,https://lh3.googleusercontent.com/saFXDWBzAz16zPfeSBHDxVerES0V2gZaoMwbllmD7cfrbkb5SI_YD1wCWc0FtHyQkw=w170,,Scientific Calculator
connectappzone.voicecalculator,https://lh3.googleusercontent.com/wHzyGfDUsHhmRReMZl7gxql3F411EkA7dbD0XOPC1tyZpiAP6BTM6FKhQcKKgUrrbfo=w170,,Voice Calculator: Speak Talk Calculator
black.orange.citizen.calculation.corner,https://lh3.googleusercontent.com/C4vLSaPMQkXZiYDFhPeXC8qs18-z-Yvw5EeSNc7pNSf3cGG7p-dr5Afxcv2SCY5k3-Q=w170,,Real Citizen Calculator
v2.liu.bryan.realcalculator,https://lh3.googleusercontent.com/ZBGB8GXhipp-SYUu5c_Y4iM63zLMQcJI3k5TWn3SOuLExdZRi0C64fXcHeNfuV5FLgQ=w170,,Calculator
com.developstudios.casio,https://lh3.ggpht.com/RJTrKMceqM6_cccCYwx51a_yHLcStaGXOZOI5E3U2cxXN6PgZQrjxq16ki-kPNU_Olty=w170,,Classic Calculator
com.browndwarf.taxplus,https://lh3.googleusercontent.com/62XyuL9a7l33QGVH1BapPnozfddl3eNwnclZeP9Xo0DjEcxdRztutLDyNrf45CJdJPM=w170,,TaxPlus Calculator
com.shipmethis.calculatorvault,https://lh3.googleusercontent.com/6MDo5xhrPq64yop4SvIDnJfIOoWAJrGzaJ8ovR30CXx7dYMtJq_XxZzBb297HFIwC3I=w170,,Calculator Vault - Gallery Lock
com.moblynx.calculatorm,https://lh3.googleusercontent.com/Ft1gv8UiMR1hRk4Ad3SBFaQCdQzqx9Msx8Qx9mmRKqdphZqQibrCk1X0IZa_HmhHHBA=w170,,Calculator M
com.shaytasticsoftware.calctasticfree,https://lh3.googleusercontent.com/aXVF2ux3Yom8hRV7-vE6FzndtopY5zocIuqzkl31NlWIQmc__gvVP1xRT6ptclYTug=w170,,Scientific Calculator
com.summerlights.android.scalc,https://lh3.googleusercontent.com/SOi7lUH_i0AdpQgObmaiUiWM2Bkmqr4jEl8XFApROIZvQpsPx5VO74KZVFM0bnFIrVE=w170,,Calculator with Sound
mobi.camera.calculator,https://lh3.googleusercontent.com/EOCFiWQyzxZ8-JDXQ__n4i1Yp0tBrDGp4CHLRJrpTNQKPDoJ6Jb2PzSytJmecEzyQw=w170,,Photo Cam Calculator
andrei.brusentcov.schoolcalculator.free,https://lh3.googleusercontent.com/ROIJGhGyaJbQITTk6ewh9TdbTe9DhGsn5qTvDZgvIERjOJuI_Rk0VgMfLTdmBl_UeQ=w170,,Division calculator
com.darkhean2labs.kokhong.retrocalculatorfree,https://lh3.googleusercontent.com/Y8ETBpdeY9QNaLuTO0t5gtH8VN5nK9Xu9TrUgJgZ3-Me35flBZsUB2OIG193RrN6DQ=w170,,Classic Calculator Free
jp.Appsys.PanecalST,https://lh5.ggpht.com/sehGtOfcmYd_ixq_2Co8T4ZGgvXlHQW03zG1iefhxDBIBRGaX43TjQsrAQdbkkIAGw=w170,,Calculator
com.ba.fractioncalculator,https://lh3.googleusercontent.com/5Ii1tHijrjpFF3t08m-4ESWWJvZ2Dng4ykdXBum3esxB71Gy7_7flrBqbcz1aJrB1ag=w170,,Fraction calculator free: easy solve math problems
com.gigantic.calculator,https://lh3.googleusercontent.com/SkAWgOnUuqjjBte2UUWJ6RvGAQZNBuooMiYZ59_CUoSaBfrCKs704BEZJpl2CKJg8Q=w170,,Calculator + : All in one Multi Calculator Free
barinov.calculator_free,https://lh3.googleusercontent.com/gJg9yG_Q31RCy8JdPKVlZSkcj-KFExI0LN3LWFrWW_8CH08WtfWZs2gj_425Y-rUNw1-=w170,,Calculator
jp.ne.kutu.Panecal,https://lh3.googleusercontent.com/E9_k53bXl-9mHb3sb3Y7dhcpRqU7cKNcjhukCJhjfhe3aVCzS0VtRlgJRA86TmsFI_g=w170,,Panecal Scientific Calculator
jp.powernet.powerpocketcalc,https://lh4.ggpht.com/Yv3i2_VRteyCoDLV0yHsGVkH-0V0bxb--pZwAmSjm-nbUlzyy9jax8roXUrQQcZp5WGn=w170,,POWER Calculator
com.locus.scientificcalculator,https://lh3.googleusercontent.com/SpjDpqbfJx9vb_tuAEuYdsMNQNbO5NGod0l2IvXabmSF_P2v7inkK2Wuj3QeDRQFN1Q=w170,,Stellar Scientific Calculator
nl.speakingcalculator,https://lh3.googleusercontent.com/0BabhFXeWS0YeKbfdzlbS2dzG1V2cqZnxU6cQhUpjpwCWziTt8BRWebnjE2uKZDhZ2ti=w170,,Speak n Talk Calculator Lite
com.apple.math.calculator,https://lh3.googleusercontent.com/02HkjZpo3BRk2pN70MFM7CXadCTTl-DBc1lSoPkC8_QDUZ4nkTV_KMaKKllDJbwCXLn2=w170,,Calculator
com.photomath.smart.study.learn,https://lh3.googleusercontent.com/sVm9Q34u8oDT2g3Yb2GfLAQr3cUDVyXXLr3oKNI9ibUXtsNM4igp3yzBSETx_2voac_V=w170,,Photo Calculator - Smart Calculator & Math Solver
com.perfectappstudio.scientificcalc,https://lh3.googleusercontent.com/CS0Kzz7_bDU92zdSEc2c7W2dsPKwiZ_oNov0VVt31WUiJK6WEOStaB_ymrk1FKnLH-M=w170,,Scientific Calculator
com.enadu.calculator,https://lh6.ggpht.com/942KbwPIon7xQet0Qv5F0Orj70Ob3zlGq48NWbWQgx1RkE7MXJ_5Arz5tEclNiRMwYK3=w170,,Simple Calculator
com.roamingsquirrel.android.standard_calculator,https://lh4.ggpht.com/86DcEkZFwHEM-2Vv3I1N1LMa7tPrL1ogoeLoa2lsaRFMq-4t4UAtDCqvRXAf3FSB1g=w170,,Standard Calculator
com.asus.calculator,https://lh3.googleusercontent.com/IpyRT5IkZEGzexL0DkKFSrzyKaL6HUoBm_IbnUXqEeki3xAjO3F3UaYURVFiFkH4bsfu=w170,,Calculator - unit converter
com.thinksimple.calculator,https://lh3.googleusercontent.com/hOede6UjOrsEmPRlnM1jYT8HM4X8SPC0PGZb55FPwOE1lB272cnwkYAvVTzFAGAjIQ=w170,,calculator
com.duy.tool.calc.colorful,https://lh3.googleusercontent.com/ePkEjD-FRcxhsPG9itZDZWBCcvJLTMYF1SZBgNkFcYfyQSNjg5zr2EPEghMxS-nZ_QZQ=w170,,Fx Calculator 350es 84+ calculator sin cos tan
com.mrduy.calc.ti36,https://lh3.googleusercontent.com/ojMDcLiu6tH2LdN-scnmT9ab9b_rAcQ6ZAgTOVdO9wjlXtp38KCEnk3w2tcAaY0CHzE=w170,,Complex calculator & Solve for x ti-36 ti-84 Plus
com.softdx.calculator,https://lh4.ggpht.com/inewmD7Se7jkxWSIHqtmvZkyFCupm6RUOdi9ojJSoyWUnnz8zIm5XnwO6O3ew-4hfr8o=w170,,Simple Calculator
com.desmos.calculator,https://lh6.ggpht.com/FER8beRYUri6QOnrCsNUt0McFkxdUpS6K61pWfSQY7O6HKVOMPZPo59IEX1RCHVMbw=w170,,Desmos Graphing Calculator
com.s2dio.automath,https://lh3.googleusercontent.com/-_cP0rKK4wsPS0bo5T4SWpXrtdcV2MmCsIknpV5FCtSwfdu4ZdflA1svXgaOuL-7b2A=w170,,AutoMath Photo Calculator
com.andanapps.app.calclt,https://lh3.googleusercontent.com/u9wS9PW9b0rqK1PJ4lqMAKNnSqMOgjCQ2sUG9ncqVsyZmMJ0jb1JlOxVR5-NnUxfyTr5=w170,,Calculator andanCalc LT
com.angelnx.gstcalculator,https://lh3.googleusercontent.com/OcZlWaXwIek3B5lLVjaJT9CFkbOt-uAZ3M1vPwBDA60C1ZstXmzYcq5ShFXBA3p9kQ=w170,,"CITIZEN & GST CALCULATOR - Loan, Age,Currency,Unit"
photoart.voicecalculator,https://lh3.googleusercontent.com/0HG3yjoZtaRSrAucdxqabp8Ig-RI8lqcxsf9VrC5TErslsi2s8BA2RPczpcqhoYb1mY=w170,,Voice Calculator
info.woodsmall.calculator,https://lh3.googleusercontent.com/YH1Fpm-j9-EH7r0ErMVyoIKU28pF3N7AXSDFu8oLjBkdJ3jCo5wVHochmBJCfd9RN7Y=w170,,Calculator - Simple & Stylish
com.sm.calculateme,https://lh3.googleusercontent.com/pMnvB-u74E-yX0IzEJG5O546vIRmZDUV5ZZVHG_Xwv3f_Gb-XaYQCU1yEi-yqU7K2Gw=w170,,Calculator: The Game
com.roamingsquirrel.android.calculator,https://lh4.ggpht.com/BTokYTwFqPTzzM5BkGQGjzP9jce0vBH7y0s9dxCw5gOQDjrI1UBSjuTFPN4ragnYU06y=w170,,Scientific Calculator
com.ibox.calculators,https://lh6.ggpht.com/ZLOPPC0puj0x2Lx_b-VcCPMemloa-HtiLngMuESdsIsoQaWmW-vf9S1hG4SceC5dmx5V=w170,,iDO Calculator Plus Free
mmapps.mobile.discount.calculator,https://lh3.googleusercontent.com/soQN2ou4oaJh8tHg08o7zZT5VAAO4osTlyKHLWij888C6De9RQFYDpkAKf60C2Xgjw=w170,,Discount Calculator
com.free.love.calculator,https://lh3.googleusercontent.com/0YDQUUesEr_yDSDT8jbISiA0_1TzwFvHxPpNKhNQKkjTcZpGuTdv1BxR8bJLsWZg14s=w170,,Love Calculator
com.kvs.util.emic,https://lh4.ggpht.com/FmMhv03aukydi8uLnUgHhh5abfRyI6HHqdSiZE2cXB7krWr_LjduBjkZ1Nb1fidemC0=w170,,Loan EMI Calculator - Bank
com.gbsoft.datescalculator,https://lh3.googleusercontent.com/TBRrvRtGecuIfKiK0YCNYmLEVPAx4ejKEMpl7LnpT8NZ9UPznCgMJIn7SJhbj6hrkjw=w170,,Calculator  Date & time (Free)
com.iapp.emi,https://lh3.googleusercontent.com/klWej7hlfNA77uu3HXLM2wzuOF1ETW7gNtxKGWFRExzDiITrrDAbJCzNTjspLSQq2g=w170,,EMI Calculator
com.AP.emi.calculator,https://lh3.googleusercontent.com/4cNFvxQaebe09TspBmxsj2JFznIf0v1ldbslrhgGbK6dI_4eeBhJ3GrszfYlfVp4FaY=w170,,EMI Loan Calculator
simplecalc.calculator,https://lh3.googleusercontent.com/WktxZVGZE3ad2n_sRT3SHJj6cGA7IdyyBSQPnQWYvsRVOMNwfXuvHmg-hRgbghJEv4c=w170,,Simple Calculator -Flat Design
com.nstudio.calc.casio.business,https://lh3.googleusercontent.com/EuMDBTJ2aqg3O-SgxG7GltkfZDsOrMckq9yAm0Ipy9oq5-zeHLcfPiYhLAH3WhNyvQ=w170,,Advanced fx calculator 991 es plus & 991 ms plus
morappsstore.bankingcalculator,https://lh3.googleusercontent.com/5khpneuDFfdzX4QIIEn0fINi0u1em55CASwAKdgGQvw5Tvtv821-w9YzAjoCcR5iVd8=w170,,Banking Calculator - EMI SIP FD RD PPF NPS Sukanya
expensemanager.shankar.sanket.citizencalculatorpro,https://lh3.googleusercontent.com/ntTP46pzZpCRobAEnJjFaWg9KX4Y7ay5DQo2nCwySDIZoNOIDXEiQfVZ_dIOtLfN5iI=w170,,Real Citizen Calculator
com.apptain.agecalculator,https://lh3.googleusercontent.com/TaccpHFRH0vP6UlksBbcFi1jXpcNtmEdzAXkW1zT9lqEnElM3dUiq4R25Ae-vb7EegZ-=w170,,Age Calculator - Classic
com.tomhogenkamp.personalcalc,https://lh3.googleusercontent.com/jW_XEIqNqUcdeLTT6DYHuCnvNdn7wrjdFeAtZWr5T_MzMqxl_tszr_6FTn8h6kupaXGa=w170,,Calculator Free
com.james.SmartCalculator,https://lh3.googleusercontent.com/ZUlK0KTyvLpTqd2A1X8mJbjMAwV7wOrs_NSjZDk74f-JrbytomMZMbThjeXVHU3Tzg=w170,,Smart Calculator
com.zoomtook.quickgstcalculator,https://lh3.googleusercontent.com/qaN-ZGh84k8uX_n-o-LC8sYgPtak53GX0QqmO7e3yf8Fl9nx-kbUBA81UKorQd3yAHjg=w170,,GST Calculator - Tool
ee.smkv.calc.loan,https://lh6.ggpht.com/b2zDDQdXLjdG-QqKXkQjFAfWw00b76_K4p4bbIyIONO7S567EEshPLny1gY0JRxnRrs=w170,,Simple Loan Calculator
com.splendapps.bmicalc,https://lh3.googleusercontent.com/6N2qrY90wOuQOj84Jj5hharqZP6FTCbSDhUj-kFn7_nYQEEuZqToDfz0dvixc31Wnj6r=w170,,BMI Calculator
com.j2eeknowledge.com,https://lh5.ggpht.com/q7t9kcel2vZRJlx6Il4Lr5KhV-i1143Ud4nlz7Q_oMwF_iP2z_bFGgzTVURmP_lFpI4=w170,,Calculator Mem Lite
fr.deebee.calculsoldes,https://lh3.googleusercontent.com/_Uv1nN5hSGcNtFIxYwLAFzffFMPSX8-ORH6K-FDJPTC98LdGhWVbRhNWUryZKzxGBk8=w170,,Discount Calculator
com.differ.xiaoming,https://lh3.googleusercontent.com/z0LxUOM4aOYKGPOpNrOHtFTTvDQDOQYndECo_oDgG0S_zwlWc4gqXDhFQc0nEQAuu-U=w170,,Easy Calculator - history calc
com.fitnesscalculator,https://lh4.ggpht.com/gX6wddiZM9dxx4nUClWSOC36uVY21QJoP2R-gpJbecW6WQtJBzlAq_OP4fA4Unje61E=w170,,MyFitness BMI Calculator IIFYM
com.herbertlaw,https://lh6.ggpht.com/fx7ITQ6ZhxfcGRc-N9_wqQwrTavnau66iwrbUkCXxP6NIt9igK7ZLXVZHpEhJxRJPQ=w170,,Graphing Calculator
ru.arybin.calculator,https://lh4.ggpht.com/qG8przrUOnINIT6LDiyyew6xs9zKyDuFwiu26xWYbmWkMZ5BglFPcsZEa4Ty8_c9Di4=w170,,Simple Calculator
klb.example.simple.calculator,https://lh4.ggpht.com/lbym4fvf0Z2NjaxXexH4MKz0mZH-sdE1qAae9qdHrv019U40_haudghE-6ePRWNvUQ=w170,,Simple calculator
com.arbapps.loanemicalc,https://lh6.ggpht.com/ZkvuvfOYFgqM5FO-3Iwv94BLzvV5pYBq8UBvDUgFFxJ_7RLPmNkJ4G6d2GtWfrN9qRM=w170,,Loan/Mortgage EMI Calculator
nilesh.sipcalculator,https://lh3.googleusercontent.com/7W1lbc_xb4xCHNlbG61mERjyZ2oPtiAJMyZTM6L969hcuiyv3TQhiNSuk9IH1wOnLH55=w170,,SIP Calculator
sparrow.peter.calculator,https://lh3.googleusercontent.com/9JdP1WTaSLM3xDzwQPFGKw6I1bwtXdgTOoFhFkl5Zl3if9KTmSqi7QRG5VwCgszlhoj5=w170,,Calculator Plus
com.app.vs.software.interestcalculator,https://lh3.googleusercontent.com/f9xxkxWysEpX1yNMuj-EEBmEs6ZwuGvttXnZeITQ7GHN-tyWuTqJfPGHK3XDF485CHg=w170,,Interest Calculator
tr.com.senkronbilisim.scientificcalc,https://lh6.ggpht.com/_yCsF54zKkQo6JhW7o7Z_MZAHtMbFOlVJH4SBI7Wo02RBhTtfwsnHryYEAjlwdmwqSE=w170,,Scientific Calculator
com.newleaf.calculator,https://lh3.googleusercontent.com/qU3WLpKgr4rOIBtRCwytxCclWVrtr0RgJFFtltQnTo6KMUlMsDMG2yvKpIUsgJD8OSU=w170,,Calculator for iOS
org.geogebra.android,https://lh3.googleusercontent.com/4xe4wYNJEqS6WqVquGnGDA-n4zNVEC0Z1rbqWYbo1RDbuVJRErHPmVHnMOoGBU2ZNw=w170,,GeoGebra Graphing Calculator
com.faqihstudio.scientificcalculator,https://lh3.googleusercontent.com/0Fusp05X_cLAtJjATZxhzt1O3OL7CTOltEgce3xtn1soqCTzvUwTyXao8FACTPVMm9w=w170,,Scientific Calculator Free
com.happylife.calculator,https://lh3.googleusercontent.com/VhhFd28-lVnqmJBVgmD0H0912yyl7GGsqKeSZ7vRX8DErVOSQTRQhFOhUXUV1wGNUQ=w170,,Top Speed Calculator â€“ Solve Math by Camera
com.cooloy.SolutionCalculator,https://lh4.ggpht.com/Pe1rp6S73kavHwIJrPwY_sjk0X3pV0Xi0sevx1zmhHksABAEX84bowWAUnn5zO6dMQ=w170,,Solution Calculator Lite
com.lpellis.rcalcfree,https://lh6.ggpht.com/Jv2DipOPz5Ko9lhzY8cAt5DwOgoX7oK0lfffGoTz9giagYprYnKXjGLb8EBOSI-KauI=w170,,Resistance Calculator
com.ama.lovetest.calculator,https://lh6.ggpht.com/eTKJ72BKxG_kEClZKs0Mtk_csx0CUgalr08cpADEw40Gyrucf4r5FDKi4DGbIFJ05gw=w170,,Love Test Calculator
com.bens.apps.ChampCalc.free,https://lh3.googleusercontent.com/7WW0qsdzH0BREY4oVXb0zde3fDH2vcUApBjUQgyTwrfklRx-ydYl7svtkkCmK5NQ51A=w170,,ChampCalc Scientific Calculator
com.gatevirtualcalculator.gatevirtualcalculator,https://lh3.googleusercontent.com/UAnFbFyc_viVVa6x75ej_tvWWY0a9JjtIPz0Mh3yKM3Hm58U2jE-ycgXkojuWox7Pg=w170,,Gate Virtual Calculator
com.finance.loan.emicalculator,https://lh3.googleusercontent.com/OI1fmM_7N8YmxvRD9EEqq2EbthJCq9Rmnksgh1HvRBxGnyS4dU08gmYvKT1YgN2xpQ=w170,,EMI Calculator - Loan & Finance Planner
ru.arybin.modern.calculator,https://lh5.ggpht.com/ziBs7jm1EFbM1AllkLc5Z4kDS5B67D4hoD_cZGxz2PWwh2_sQ0kVsPuvTEoNMS0XLw=w170,,Calculator
net.smartlogic.indiagst,https://lh3.googleusercontent.com/-eG5Fhu8IaniPuwEgZ69AgPDfs55y_4Lc8beXe2ju91UFfUI4BXBACvxry4POwZ4TFZd=w170,,India GST Calculator & GST Rates
horton.b.com.trigonometrycalculator,https://lh3.googleusercontent.com/2eRoBtqGYtbsn0pwZb8dvQnSgE0B43I1msBSdp-xpG1pku_-G1WxHd47tW5goEqgkyQ=w170,,Trigonometry Calculator
com.handyapps.loancalculator,https://lh3.googleusercontent.com/srxITxubZEidL2lEWGSohfeq_uQ8DtyIrR9SVVm2tFzf_7TRhtN1vJAudAPu-Q1NQII=w170,,Loan Calculator IQ
calculator.widget.various.themes,https://lh4.ggpht.com/PUDtl8AyhHYDHfKdEVGMGOamBxdk72RqgWkxMthr8r5WKIkkdquR4OxzOi2LpJbjWo2q=w170,,Calculator Widget Themes
com.peter.studio.calculator,https://lh3.googleusercontent.com/F_m9cr5bCZol4q8833jhgFIPlXwI6t969yv-Z2wOwn8_fq5exR7JVsPVq0f0potstHE=w170,,Scientific Calculator
com.hzmobleapp.propertytoolsmalaysia,https://lh3.googleusercontent.com/nPojur3qSvaI4rDNe0_AvfR4BgwCMWTw_4dAZR3dKrRIJRtaUD4CfW39dIknYY6doQ=w170,,Housing Loan Calculator
intelisenze.citizen.casio.calculator,https://lh3.googleusercontent.com/XkPK0MACCwiqZePdsnzCIHPQH3Mtzxiq7bsBUdhxKf1tamiznpiboUH71Byzy7mMqw=w170,,Classic Calc
mmapps.bmi.calculator,https://lh3.googleusercontent.com/pUeAs4yN5fmRFSyICVF_RG--gzP40CeGvTre6Fr_emXeq4qllBJWLGaoCKDBhWd4aXXl=w170,,"Ideal Weight, BMI Calculator"
flashapps.mathscalculator,https://lh3.googleusercontent.com/tUTRt6U8p5gonMOUCKdRJxjmUdslYdvkNRNB57T_XJNXeH5FlglI2RMcBrUl-S4ZPBU=w170,,Math Calculator: Calculate by Taking Photo
math.photo.magic.calculator,https://lh3.googleusercontent.com/ZgscT4-wMzRnwc9CYm0YzW2zXc1fbAa1tVxj6ZqAI9uDlEXoURAoMUIxsO4O10m046Y=w170,,Magic Calculator-Math&Photo Calculator App
com.aspiration.gstcalculator,https://lh3.googleusercontent.com/ATkzWXzCFLMsUkGgM17G4ne0wTy_zDvzwMfxPl4W91BNQGZW4zrGhPBstT5laSnfLq9f=w170,,GST Calculator- Tax included & excluded calculator
com.calculatorplus.calculator,https://lh3.googleusercontent.com/u5b1mWNXk_hS3mHsGWubiIB0bveMmwUMfn0qP1EKIPIMV80BzykxB8_kvLMjVgmI1bvo=w170,,Calculator Plus
com.wasim.mechanical.calculator,https://lh3.googleusercontent.com/zrPU62rhl1N14CdN36muJ4aq9pj0ehGstw0Umr5D-rJ124-VWKK0-EV-MHMK93YPYmWH=w170,,Mechanical Calculator
com.appovo.bmicalculator,https://lh3.googleusercontent.com/PmOnpf2uN_o-0Uoff75f4nppoNNRW3IX7HFEmnRsuSzCWeD3L0iixBtJ9lIAaCWcGA=w170,,BMI Calculator
com.mathpapa.mathpapa,https://lh3.googleusercontent.com/GeBKVZvtxiCl3OvulNdLLkUTu4BoSCLY8Ba-lz0-lCioMzy-M8n4wXW5LXt3O-7gZq8=w170,,MathPapa - Algebra Calculator
com.aswdc_emicalculator,https://lh3.googleusercontent.com/ehaObSFzf_nLsxAwqOaUlsbjWP4drl7G1vrUFmPDZ75xRtqOqvxIGe6aKyprZRXT-A=w170,,EMI Calculator
net.emicalculator,https://lh3.googleusercontent.com/bXsJnF2AQA-xAG7GdoS6X5icWJvEZkRwRqc_RkUJG4c-CHbFF--y1xKbY1nEDuuvRkqP=w170,,EMI Calculator
rocketstartups.wearcalculator,https://lh3.googleusercontent.com/2N4zIoyyeLj4UxO6bT97tsbJ3bv835xv3x9Tm5kfQTaNtak0uJj_1YRomo1SHD0-S6M=w170,,Calculator For Wear OS (Android Wear)
com.vseazs.fuelcalc,https://lh3.ggpht.com/1uhgfAkh6QnccunKOg6O7Bv778RrE-iyd4WxglQ8k0ACT7i_dub1_LfprEXP9d6EwA=w170,,Fuel Calculator
org.valfer.vatcalculator,https://lh3.googleusercontent.com/mKp4iYjKHIIbaY374pitPH7XnnYvwIBB6cs14DcSRODxo-53rd6WS1Mx65-_42W18g=w170,,VAT Calculator
info.dynamicdesigns.wort,https://lh4.ggpht.com/zYrp0a3RUT505U6q0C9RmAX1Xj0j2WHvabH5giluuXF-qPLsr86rTLDEgap7mUqJ2TaG=w170,,Wort Homebrew Calculator
in.bosc.mutualfund.mutualfundcalculator,https://lh3.googleusercontent.com/1lgrHAWb4LJVysBGeV6Dm21SEMP72hkcyCkqKFsvu4do3aNBaVVQEVXD8Z4SrGkDErQB=w170,,SIP Calculator - Your Mutual Fund Investment Guide
com.funcentric.ic,https://lh3.googleusercontent.com/AU19J7TkB7eDDzJmLqmsZ7LHDeJrUmWouuYSMWwbKu9cHvvXL996OKp1zczb_eG6rRE=w170,,Interest Calculator
com.stock_calculator,https://lh3.googleusercontent.com/mXzMjpRrZQXz2kH0ntFynl5i_XSC2wsfbLJH72NgV80eROsyacgrWxYMIhWSpoNR6YU=w170,,Stock Calculator
org.nkf.calculators,https://lh6.ggpht.com/lhhAxeSBRDpZU0aAZiV3YwcZ1iCdP-vudqg0RCFKyjpep_HjrJ_3JpbWZEt8cLOlFGrT=w170,,eGFR Calculators
kbk.maparea.measure.geo,https://lh3.googleusercontent.com/POIscXTQ0Q7YnmXE17ugl9CNjk5VTjYCyLQhO5ytZYsq7FpWwhzKvjqodRUvXPIrVoQ=w170,,Gps Area Calculator
com.UnicornCalculatorVision,https://lh3.googleusercontent.com/GuWZmDYCnSVVIt2iY43Uk6it3f7I6fZeTBtk03bxTnblc0raCJCaDn-UUL3P0gRJhMs=w170,,Unicorn Calculator
com.diogines.pregnancy,https://lh4.ggpht.com/NSiCrHQ2xg5taG0ky6uZduu6cSBuOXK4m-8DI-G72adAuiJoqsotKslgYouuGBSXJ04=w170,,Pregnancy calculator
com.sdgcode.bmicalculator,https://lh3.googleusercontent.com/yuR2NQoV5ItTuXoBhdpUuxW2EKQA2ek1yiiyPqpxfD5x1vpLwCnFLh7UeUBxvyU1OxYz=w170,,BMI Calculator
com.appdevgenie.electronicscalculator,https://lh5.ggpht.com/vrns-NRUHyuhTztz6aypvfSu6QLRlJDiFIvRE8hSTiLLdcAirJ0T1QWuuBcIf6DD9Q=w170,,Electronics Calculator
com.karl.calculator,https://lh3.googleusercontent.com/y0ZlSI5UDOnJMibIuM6c4i60O9cT9g--gq6P3rXyuwfnxzHSu3ndUHLjjo7dDU8b4Q=w170,,Crossover Calculator
com.voiche.bodyfatcalculator,https://lh3.googleusercontent.com/EXcpb0u0AmY7K5aaKnf7loWMAacZLdcqW68NRMKTdtOYfyLTYqwICuv_T1lhQiCuNg=w170,,Body Fat Calculator
com.rkayapps.compoundinterestcalculator,https://lh3.googleusercontent.com/QIa0QJ9jNkqAC5pO7xpB-OvE5M8Y1Ra0wMEp4O6_-651jxqx_AR4YZfF8iTsspE59g=w170,,Loan & Interest Calculator
org.efalk.rpncalc,https://lh3.ggpht.com/ofjywAKZSTzXSn2BsswZBo9t1rSSht00vAXp7xaWKROm4t0Onz3KJ1I5L8HzBx7-6w=w170,,RpnCalc - Rpn Calculator
morappsstore.incometax,https://lh4.ggpht.com/6w5VFuic8iih1bINUmPfP5lg3uSLD0M_8LKZpe-FayMAEKA1lwwJh8Rv9WsnLTkz3SHu=w170,,Income Tax Calculator
app.kwc.easy.calculator,https://lh3.googleusercontent.com/f_3KIigfQ5zK4I1eOOxDRniRl9lgA3Ge54i09uF72DCcxmAoaeTwtqrRFNl6jya7zZs=w170,,Easy Calculator
com.quicosoft.exposurecalculator.app,https://lh5.ggpht.com/MVs4NDdZPuB-YbKC1_FUSbq5EprSJg_zhNqwKj7G5ot2iSPxmTq2PIrX8Tg_pMoKUsph=w170,,Exposure Calculator
app.rsmobile.acecalculator,https://lh3.googleusercontent.com/0FSh885htwprMzWXEgNDPiueL9RTCLdcFaTkU728yKqsmo-iB2FUqqQL-OUcGt3gUZZ5=w170,,"Calculator Math - Scan Math, Solve by Camera"
com.calculator.vault.hider.hider64helper,https://lh3.googleusercontent.com/jsSyYaxCVIsKX_aEsbky2i4X0jH9ikwLL_wpVb0IGVvYKfhz1-JtiZlvkBT93gsKBYU=w170,,Calculator Vault Lite 64 Support
com.appdevgenie.electronicscalculatorpro,https://lh3.googleusercontent.com/T27kQxnxg3cFqHkn6MXOnHixYFe-Gj0CikJSP9UWXCgUD7tLgxJ5wsfnBjBUvAz--yU=w170,,Electronics Calculator Pro
com.rohdeschwarz.dbcalculator,https://lh3.googleusercontent.com/4ME6L5ARKvqnElW5HK45_dz6ayn0IKRqRnwbk4amBGyzlbR3JjP1LmR0rFZKpeE1XgQ=w170,,dB Calculator
com.prime.studio.apps.geo.area.calculator,https://lh3.googleusercontent.com/Yx8Zj_plwyE7VBR9robAVkqt2hsryXfPDjbjtwGtkEWWs8tha3Xgw22_h9j0_NGvOw=w170,,Geo Area Calculator
gbsoft.calcolatrice,https://lh3.googleusercontent.com/tnuDgeru8XH-TkhHJG8_8KMOynkRSt6PVfL9htKibhZlMKRw3bdfknfFM5KSsAv4mg=w170,,Calculator
com.freeappartist.civilengineeringcalculator,https://lh3.googleusercontent.com/AcLEjXUTs2HXSxMzwjFHnyIKl9cLsV2hb-26e8fVsKpyA8yorL-8YjQdwL1URi1kKw=w170,,Civil Engineering Calculator
com.myapps.calculators,https://lh6.ggpht.com/KgK_NhEjro_lLrQvf9kPCUTr690IuCro_lqHOjExPVeGUtdur97ocqpEbnyjNHwcg10=w170,,Super Calculator
com.nstudio.calc.casio.modern,https://lh3.googleusercontent.com/LNcetCAeLiqaXPlNpdGV9aewgqV4u2GKOS2pz2lBHS6P8lSkaTAZrxHOrK_5G8Pe_18=w170,,Free engineering fx calculator 991 es plus & 92
net.orbitingpluto.android.ipcalc,https://lh3.ggpht.com/6446-gzrThKK_jawXdjjIrEVqO_SX-Qa7A55TTn4vFvSxOrX4Gwl6LzwSiYaYQH4gP-C=w170,,IP Network Calculator
com.eclix.unit.converter.calculator,https://lh3.googleusercontent.com/C0YnvuqGIjLxNNWf2aIksKJNIBfQCvSWgt4V7r9Z38G53Kcz3ihxP17SgU56d5SqpQ=w170,,Unit Converter - Unit Conversion Calculator app
com.apps.sreeni.fitmath,https://lh5.ggpht.com/jaQMmQ_uRKW-ncK6_n3fSqi4hqTAwanbqhu_beFimMSTzDSK83tMMmUqEbYdUXlw3u-2=w170,,FitMath - Fitness Calculator
math.com,https://lh6.ggpht.com/SJ9lLNOktctZx0o863SIVjUtxx3m-SQj56waDJ_q9Hz0oEk-P4ERPRvZA1PTiFM1ukw=w170,,Math Algebra Solver Calculator
com.calculator.caculadora.caculator,https://lh3.googleusercontent.com/KUe5E-m6esp2zUCXo1VH9eUhmrlUmIvbMC1IuTMweiDQvw_jvQBQpKsdgxPGRla-VQ=w170,,Calculator for window 10
com.ajra.emicalculator,https://lh3.googleusercontent.com/KDCJ3yUjEvqkZRE82Z7i_WkB6yibS28kgGhlKk8-v-GHUN7YYkhfOWpA1I8YAhVB8A=w170,,Banking & Financial Calculator - Finbo
com.veronicaapps.veronica.simplecalculator,https://lh3.googleusercontent.com/ZYZhyFuPjIbmMA5oGWKN0bBHRzLnsXCR70807JlUONJZBJAGFo4qB1F8vGtiFcf1ew=w170,,Simple Calculator
com.appvishwa.middaymeal,https://lh3.googleusercontent.com/J6BK1St40_8e5dUWCsnT6L_3sm7or5BPBIMhfNZIaxHy1mZV8B5bbJ_2j6s6wT9Raw=w170,,MDM Calculator
ru.sotnik.metallCalck,https://lh4.ggpht.com/uuTbHY7WgyYFdpSeF5Vvn0grkjjEQsFVwjee69rgFiIo5MAwvJAgTWL8_jCB7VN9FBE=w170,,Metal Weight  Calculator
net.smartlogic.citizengstcalculator,https://lh3.googleusercontent.com/2va82EWM-pD9KsaXbgSS1cQUQLP6E57UnSRDf_0MJGMVdDvDLeCcg1VpSwMGix9X3aw=w170,,Citizen Calculator Lite
andrei.brusentcov.fractioncalculator.free,https://lh3.googleusercontent.com/h0hFEMgP5YOKyWz1jRl7IhIdYGHrFA3OAatA1nGM3QSdTXHZiuPF--HQcvwIVlbvkw=w170,,Fraction calculator Free
net.smartlogic.allinonecalc,https://lh3.googleusercontent.com/22c4Bp-5ZVKJCh3rtXD_HBXJjMUKfTxV7trmJmHNA8vDmq0rlhieDyGpkhMGlWlH8eo=w170,,All In One Calculator FREE (GST enabled)
com.vivid_planet.resistor,https://lh3.googleusercontent.com/wmDN__GeUDK5an7pJQiGpb7qR5IZ2u2Q3ud5GdqIYt4IfJ1TASPMNI5h6UI5gKbyUg=w170,,Resistor Code Calculator
org.mmin.handycalc,https://lh6.ggpht.com/i058hMMOaIb5xqKjCYw-i0tux842gHeRTPh-OnjsTJWIyjvLYCgdZSx74dQYqrtWAjw=w170,,handyCalc Calculator
easicorp.recipe_calc,https://lh4.ggpht.com/w5e1G7miuoCu9n63G0JnYMLWO79XSzmiJFYOXRoS9GTvHvKNUDrgo8pxzOtpsUNiJ_8=w170,,Recipe Calculator
zolos.app.lock.photovodeo.calculatorvault,https://lh3.googleusercontent.com/JOsZ_FNa5gUlKwu48lyPhcixHflYrlcc7IqTxZSX882qKRyEKFqDN1cfsLIaG8P82Q=w170,,Calculator Vault Gallery Lock
com.tsoftone.loancalculator,https://lh3.googleusercontent.com/gl6tkcneaN91kLbQOl1oxT4iVZ4GWlldYwFyEK9Q7_7qp3HZp1bB7Zur4CrZCp3NcTA=w170,,Loan Calculator
com.fermcalc.android,https://lh3.googleusercontent.com/5CEm25zeEbt2--7VbnrEiadF5ac2eAEVYhLAQlD1ja5BQhDK8aVUoCq2IdPbfSpQyYc=w170,,FermCalc Winemaking Calculator
com.syualikesapple.app.calculator,https://lh3.googleusercontent.com/6VU7Z7_hlG6z8J2WeYEBOmJadzdi5MjX80CaGzYNQ10f7BXoiJRlrWOVZdEIc7FloDjW=w170,,Animal Calculator -  Cute Animal calculator
